"CountryYear","Country","FullYear","StartYear","Name","API_ID","Alpha2","Alpha3","ISONum","WorldBankID","EverMarried","Survey","BR","Couples","PR","Strata","mean","se","l_ci","u_ci"
"Afghanistan 2015","Afghanistan","2015",2015,"Afghanistan","AF2015DHS","AF","AFG",4,"AF",1,"AFIR70FL","AFBR70FL","AFCR71FL","AFPR71FL","v022",0.325,0.00587421715978501,0.313509161504172,0.336566886202297
"Albania 2017-18","Albania","2017-18",2017,"Albania","AL2017DHS","AL","ALB",8,"AL",NA,"ALIR71FL","ALBR71FL","","ALPR71FL","v022",0.326,0.00798661790693882,0.309972214627169,0.341334434172766
"Albania 2008-09","Albania","2008-09",2008,"Albania","AL2008DHS","AL","ALB",8,"AL",NA,"ALIR50FL","ALBR50FL","ALCR51FL","ALPR51FL","v023",0.336,0.00908082316943978,0.317939017197273,0.3536347353392
"Angola 2015-16","Angola","2015-16",2015,"Angola","AO2015DHS","AO","AGO",24,"AO",NA,"AOIR71FL","AOBR71FL","AOCR71FL","AOPR71FL","v022",0.028,0.00307571551181151,0.0224328007986442,0.0345142098409725
"Armenia 2015-16","Armenia","2015-16",2015,"Armenia","AM2016DHS","AM","ARM",51,"AM",NA,"AMIR71FL","AMBR71FL","AMCR72FL","AMPR72FL","v022",0.48,0.00963488302089152,0.460738329178858,0.498663568233759
"Armenia 2010","Armenia","2010",2010,"Armenia","AM2010DHS","AM","ARM",51,"AM",NA,"AMIR61FL","","AMCR61FL","AMPR61FL","v022",0.447,0.0121563206113618,0.423186047484931,0.47103974669153
"Armenia 2005","Armenia","2005",2005,"Armenia","AM2005DHS","AM","ARM",51,"AM",NA,"AMIR54FL","","AMCR52FL","AMPR54FL","v023",0.399,0.0124401828945222,0.374504462987039,0.423475594083494
"Armenia 2000","Armenia","2000",2000,"Armenia","AM2000DHS","AM","ARM",51,"AM",NA,"AMIR42FL","","AMCR42FL","AMPR42FL","v023",0.412,0.0109806795618044,0.390393274668789,0.43365582141388
"Azerbaijan 2006","Azerbaijan","2006",2006,"Azerbaijan","AZ2006DHS","AZ","AZE",31,"AZ",NA,"AZIR52FL","AZBR52FL","AZCR52FL","AZPR52FL","v023",0.308,0.00905516065990769,0.289706753776558,0.325345630075866
"Bangladesh 2017-18","Bangladesh","2017-18",2017,"Bangladesh","BD2017DHS","BD","BGD",50,"BD",1,"BDIR7RFL","BDBR7RFL","","BDPR7RFL","v022",0.232,0.003903742166549,0.224368088811162,0.239699023714237
"Bangladesh 2014","Bangladesh","2014",2014,"Bangladesh","BD2014DHS","BD","BGD",50,"BD",1,"BDIR72FL","BDBR72FL","","BDPR72FL","v022",0.231,0.00544635028786835,0.220413811991283,0.241807756833124
"Bangladesh 2011","Bangladesh","2011",2011,"Bangladesh","BD2011DHS","BD","BGD",50,"BD",1,"BDIR61FL","","BDCR61FL","BDPR61FL","v022",0.225,0.00410723545650384,0.21694898332749,0.233082717693534
"Bangladesh 2007 ","Bangladesh","2007",2007,"Bangladesh","BD2007DHS","BD","BGD",50,"BD",1,"BDIR51FL","","BDCR51FL","BDPR51FL","v023",0.207,0.00545589971687671,0.195992699970509,0.217456061720109
"Bangladesh 2004","Bangladesh","2004",2004,"Bangladesh","BD2004DHS","BD","BGD",50,"BD",1,"BDIR4JFL","","BDCR4JFL","BDPR4JFL","v024 v025",0.203,0.0049837990925323,0.193164183065452,0.212767148346737
"Bangladesh 1999-00","Bangladesh","1999-00",1999,"Bangladesh","BD2000DHS","BD","BGD",50,"BD",1,"BDIR41FL","","BDCR41FL","BDPR41FL","v023",0.194,0.0048553542343415,0.184176146970639,0.203279059306112
"Bangladesh 1996-97","Bangladesh","1996-97",1996,"Bangladesh","BD1997DHS","BD","BGD",50,"BD",1,"BDIR3AFL","","BDCR3AFL","BDPR3AFL","v023 v025",0.204,0.00520662641385777,0.193913272138357,0.214406382148879
"Bangladesh 1993-94","Bangladesh","1993-94",1993,"Bangladesh","BD1994DHS","BD","BGD",50,"BD",1,"BDIR31FL","","BDCR31FL","BDPR31FL","v023 v025",0.212,0.00549997839114976,0.201008218408867,0.222659038586058
"Benin 2017-18","Benin","2017-18",2017,"Benin","BJ2017DHS","BJ","BEN",204,"BJ",NA,"BJIR71FL","BJBR71FL","BJCR71FL","BJPR71FL","v022",0.116,0.00524975123462729,0.10573881059511,0.126364381100846
"Benin 2011-12","Benin","2011-12",2011,"Benin","BJ2012DHS","BJ","BEN",204,"BJ",NA,"BJIR61FL","BJBR61FL","BJCR61FL","BJPR61FL","v024 v025",0.059,0.00323572206628004,0.052583610377946,0.0652882435798743
"Benin 2006","Benin","2006",2006,"Benin","BJ2006DHS","BJ","BEN",204,"BJ",NA,"BJIR51FL","","BJCR51FL","BJPR51FL","v022",0.07,0.00353001590942808,0.0629709205776474,0.0768314039877817
"Benin 2001","Benin","2001",2001,"Benin","BJ2001DHS","BJ","BEN",204,"BJ",NA,"BJIR41FL","","BJCR41FL","BJPR41FL","v023",0.084,0.00587595022497105,0.0728739784902692,0.0960270279694734
"Benin 1996","Benin","1996",1996,"Benin","BJ1996DHS","BJ","BEN",204,"BJ",NA,"BJIR31FL","","BJCR31FL","BJPR31FL","v024 v025",0.132,0.00860707766741081,0.11520568329591,0.149156602963605
"Bolivia 2008","Bolivia","2008",2008,"Bolivia","BO2008DHS","BO","BOL",68,"BO",NA,"BOIR51FL","BOBR51FL","BOCR51FL","BOPR51FL","v022",0.044,0.00264749382149762,0.0390006132962934,0.0493914183501472
"Bolivia 1998","Bolivia","1998",1998,"Bolivia","BO1998DHS","BO","BOL",68,"BO",NA,"BOIR3BFL","","BOCR3BFL","BOPR3BFL","v022",0.044,0.00273357667587874,0.0381377660022618,0.0488840100858164
"Bolivia 1994","Bolivia","1994",1994,"Bolivia","BO1994DHS","BO","BOL",68,"BO",NA,"BOIR31FL","","","BOPR31FL","v023 v025",0.045,0.00311344820957265,0.0391558745512913,0.0513847912500135
"Brazil 1996","Brazil","1996",1996,"Brazil","BR1996DHS","BR","BRA",76,"BR",NA,"BRIR31FL","BRBR31FL","BRCR31FL","BRPR31FL","v023 v025",0.013,0.00156498261465439,0.00964830517303698,0.0157920035689948
"Brazil 1991","Brazil","1991",1991,"Brazil","BR1991DHS","BR","BRA",76,"BR",NA,"BRIR21FL","","","BRPR21FL","v023 v025",0.042,0.00491586304969898,0.0327236125797579,0.0520599261843494
"Burkina Faso 2010","Burkina Faso","2010",2010,"Burkina Faso","BF2010DHS","BF","BFA",854,"BF",NA,"BFIR62FL","BFBR62FL","BFCR62FL","BFPR62FL","v022",0.091,0.00394239266040249,0.0834963957678609,0.0989845608615661
"Burkina Faso 2003","Burkina Faso","2003",2003,"Burkina Faso","BF2003DHS","BF","BFA",854,"BF",NA,"BFIR43FL","","BFCR41FL","BFPR44FL","v023 v025",0.14,0.0081328560068751,0.124212025457135,0.156192249628942
"Burkina Faso 1998-99","Burkina Faso","1998-99",1998,"Burkina Faso","BF1999DHS","BF","BFA",854,"BF",NA,"BFIR31FL","","BFCR31FL","BFPR31FL","v023",0.141,0.00845288373055453,0.124667321313701,0.157998791597775
"Burkina Faso 1993","Burkina Faso","1993",1993,"Burkina Faso","BF1993DHS","BF","BFA",854,"BF",NA,"BFIR21FL","","BFCR21FL","BFPR21FL","v101 v102",0.141,0.00820730624171659,0.125104586909701,0.157450621335396
"Burundi 2016-17","Burundi","2016-17",2016,"Burundi","BU2016DHS","BI","BDI",108,"BI",NA,"BUIR70FL","BUBR70FL","BUCR71FL","BUPR71FL","v022",0.013,0.00132378563020238,0.0104231474209875,0.0156244211804208
"Burundi 2010","Burundi","2010",2010,"Burundi","BU2010DHS","BI","BDI",108,"BI",NA,"BUIR61FL","","BUCR61FL","BUPR61FL","v022",0.013,0.00180902854654988,0.00912059735307859,0.0162369693401635
"Cambodia 2014","Cambodia","2014",2014,"Cambodia","KH2014DHS","KH","KHM",116,"KH",NA,"KHIR73FL","KHBR73FL","KHCR73FL","KHPR73FL","v022",0.075,0.00305160628916635,0.0689966015193961,0.080983998758278
"Cambodia 2010","Cambodia","2010",2010,"Cambodia","KH2010DHS","KH","KHM",116,"KH",NA,"KHIR61FL","","","KHPR61FL","v022",0.065,0.00274519832721985,0.0592226480175963,0.0700064057273395
"Cambodia 2005","Cambodia","2005",2005,"Cambodia","KH2005DHS","KH","KHM",116,"KH",NA,"KHIR51FL","","KHCR51FL","KHPR51FL","v024 v025",0.058,0.00281134730924292,0.0523428218201431,0.0633879485465415
"Cambodia 2000","Cambodia","2000",2000,"Cambodia","KH2000DHS","KH","KHM",116,"KH",NA,"KHIR42FL","","","KHPR42FL","sstratum",0.06,0.00312961769228849,0.0539604097707826,0.0662632391305134
"Cameroon 2018","Cameroon","2018",2018,"Cameroon","CM2018DHS","CM","CMR",120,"CM",NA,"CMIR71FL","CMBR71FL","CMCR71FL","CMPR71FL","v022",0.08,0.00489779908096784,0.07031801990994,0.0895741614045334
"Cameroon 2011","Cameroon","2011",2011,"Cameroon","CM2011DHS","CM","CMR",120,"CM",NA,"CMIR61FL","CMBR61FL","CMCR61FL","CMPR61FL","v022",0.087,0.00442128542455961,0.0786498151163157,0.0960188815419253
"Cameroon 2004","Cameroon","2004",2004,"Cameroon","CM2004DHS","CM","CMR",120,"CM",NA,"CMIR44FL","","CMCR44FL","CMPR45FL","v023",0.076,0.00514262575177895,0.0654112872831787,0.0856251109797891
"Cameroon 1998","Cameroon","1998",1998,"Cameroon","CM1998DHS","CM","CMR",120,"CM",NA,"CMIR31FL","","CMCR31FL","CMPR31FL","sstrate",0.458,0.02295463135114,0.41255840284013,0.503115717335279
"Cameroon 1991","Cameroon","1991",1991,"Cameroon","CM1991DHS","CM","CMR",120,"CM",NA,"CMIR22FL","","CMCR21FL","CMPR22FL","sstrate",0.538,0.0287137037618704,0.481342047219593,0.594908235838008
"Central African Republic 1994-95","Central African Republic","1994-95",1994,"Central African Republic","CF1994DHS","CF","CAF",140,"CF",NA,"CFIR31FL","CFBR31FL","CFCR31FL","CFPR31FL","v024 v025",0.069,0.00504188513398271,0.0592541365710843,0.0791248450972589
"Chad 2014-15","Chad","2014-15",2014,"Chad","TD2014DHS","TD","TCD",148,"TD",NA,"TDIR71FL","TDBR71FL","TDCR71FL","TDPR71FL","v022",0.049,0.0040560147439429,0.04136848276541,0.0573013640234117
"Chad 2004","Chad","2004",2004,"Chad","TD2004DHS","TD","TCD",148,"TD",NA,"TDIR41FL","","TDCR41FL","TDPR41FL","v024 v025",0.053,0.00559142466451478,0.0423588377779904,0.0644195916913029
"Chad 1996-97","Chad","1996-97",1996,"Chad","TD1997DHS","TD","TCD",148,"TD",NA,"TDIR31FL","","TDCR31FL","TDPR31FL","v022",0.401,0.0254463669014106,0.350415336235411,0.451100523570544
"Colombia 2015","Colombia","2015",2015,"Colombia","CO2015DHS","CO","COL",170,"CO",NA,"COIR71FL","COBR72FL","COCR71FL","COPR72FL","v022",0.059,0.00281608266209171,0.0537594031610296,0.0648011706717998
"Colombia 2010","Colombia","2010",2010,"Colombia","CO2010DHS","CO","COL",170,"CO",NA,"COIR61FL","","","COPR61FL","v022",0.058,0.00182029182421691,0.054288206581392,0.0614254049826532
"Colombia 2005","Colombia","2005",2005,"Colombia","CO2005DHS","CO","COL",170,"CO",NA,"COIR53FL","","","COPR53FL","v024 v025",0.06,0.00221972773777164,0.0555149292387914,0.0642189257086715
"Colombia 2000 ","Colombia","2000",2000,"Colombia","CO2000DHS","CO","COL",170,"CO",NA,"COIR41FL","","","COPR41FL","v023 v025",0.067,0.0035241071810688,0.0599112087407033,0.073742678051857
"Colombia 1995","Colombia","1995",1995,"Colombia","CO1995DHS","CO","COL",170,"CO",NA,"COIR31FL","","","COPR31FL","v024 v025",0.05,0.00299154059157124,0.0439549503934622,0.0556959864368253
"Colombia 1990","Colombia","1990",1990,"Colombia","CO1990DHS","CO","COL",170,"CO",NA,"coir22fl","","","copr22FL","v024 v025",0.153,0.0179073165779892,0.118153044312134,0.18846565502567
"Comoros 2012","Comoros","2012",2012,"Comoros","KM2012DHS","KM","COM",174,"KM",NA,"KMIR61FL","KMBR61FL","KMCR61FL","KMPR61FL","v023",0.025,0.002979937904931,0.0188277168635591,0.0305668480134388
"Comoros 1996","Comoros","1996",1996,"Comoros","KM1996DHS","KM","COM",174,"KM",NA,"KMIR32FL","","KMCR31FL","KMPR32FL","v024 v025",0.02,0.00380218552933101,0.0126619199786867,0.0277544915338669
"Congo 2011-12","Congo","2011-12",2011,"Congo (Brazzaville)","CG2011DHS","CG","COG",178,"CG",NA,"CGIR60FL","CGBR60FL","CGCR61FL","CGPR61FL","v022",0.036,0.00401756520402172,0.0284319991440882,0.0442338378937236
"Congo 2005","Congo","2005",2005,"Congo (Brazzaville)","CG2005DHS","CG","COG",178,"CG",NA,"CGIR51FL","","CGCR51FL","CGPR51FL","v024 v025",0.067,0.00606470865047117,0.0547950889488905,0.0786992141521061
"Congo Democratic Republic 2013-14","Congo Democratic Republic","2013-14",2013,"Congo, (Kinshasa)","CD2013DHS","CD","COD",180,"CD",NA,"CDIR61FL","CDBR61FL","CDCR61FL","CDPR61FL","v022",0.049,0.00276700986363328,0.0432363816012976,0.0541108641340052
"Congo Democratic Republic 2007","Congo Democratic Republic","2007",2007,"Congo, (Kinshasa)","CD2007DHS","CD","COD",180,"CD",NA,"cdir50fl","","CDCR51FL","CDPR51FL","v024 v025",0.055,0.00699794026361529,0.0410205557206059,0.0685673378448537
"Cote d'Ivoire 2011-12 ","Cote d'Ivoire","2011-12",2011,"Côte d'Ivoire","CI2012DHS","CI","CIV",384,"CI",NA,"CIIR62FL","CIBR62FL","CICR62FL","CIPR62FL","v022",0.073,0.00519474495033548,0.0624710882490347,0.0829090712232001
"Cote d'Ivoire 1998-99","Cote d'Ivoire","1998-99",1998,"Côte d'Ivoire","CI1998DHS","CI","CIV",384,"CI",NA,"CIIR3AFL","","CICR3AFL","CIPR3AFL","v023",0.096,0.0114610575280085,0.0731766259545421,0.118509515878817
"Cote d'Ivoire 1994","Cote d'Ivoire","1994",1994,"Côte d'Ivoire","CI1994DHS","CI","CIV",384,"CI",NA,"CIIR35FL","","CICR35FL","CIPR35FL","v023",0.094,0.00625068413833701,0.0813344235756063,0.105960321541364
"Dominican Republic 1999","Dominican Republic","1999",1999,"Dominican Republic","DR1999DHS","DO","DOM",214,"DO",NA,"DRIR41FL","","DRCR41FL","DRPR41FL","v024 v025",0.041,0.00655843270931424,0.0279157474096102,0.0540700342180081
"Dominican Republic 1991","Dominican Republic","1991",1991,"Dominican Republic","DR1991DHS","DO","DOM",214,"DO",NA,"DRIR21FL","","","DRPR21FL","v023 v025",0.159,0.0197322710057386,0.120089307320209,0.197680420166114
"Egypt 2014","Egypt","2014",2014,"Egypt","EG2014DHS","EG","EGY",818,"EG",1,"EGIR61FL","EGBR61FL","","EGPR61FL","v022",0.083,0.00284071320043212,0.0779186670116641,0.0890616307899448
"Egypt 2008","Egypt","2008",2008,"Egypt","EG2008DHS","EG","EGY",818,"EG",1,"EGIR5AFL","EGBR5AFL","","EGPR5AFL","v022",0.153,0.00422478062948331,0.144577755456313,0.161155105031623
"Egypt 2005","Egypt","2005",2005,"Egypt","EG2005DHS","EG","EGY",818,"EG",1,"EGIR51FL","EGBR51FL","","EGPR51FL","v024 v025",0.164,0.00488430469124808,0.154604556915351,0.173767822265294
"Egypt 2000","Egypt","2000",2000,"Egypt","EG2000DHS","EG","EGY",818,"EG",1,"EGIR42FL","","","EGPR42FL","v024 v025",0.181,0.00494250032679047,0.171698906899299,0.191096771882827
"Egypt 1995","Egypt","1995",1995,"Egypt","EG1995DHS","EG","EGY",818,"EG",1,"EGIR33FL","","","EGPR33FL","v024 v025",0.188,0.00603822066744871,0.176243549413874,0.199943850440531
"Egypt 1992","Egypt","1992",1992,"Egypt","EG1992DHS","EG","EGY",818,"EG",1,"EGIR21FL","","","EGPR21FL","v023",0.205,0.00722265594572453,0.190538047383966,0.218913820299885
"Ethiopia 2016","Ethiopia","2016",2016,"Ethiopia","ET2016DHS","ET","ETH",231,"ET",NA,"ETIR70FL","ETBR70FL","ETCR71FL","ETPR71FL","v022",0.052,0.00407869907343971,0.0434934986314638,0.0595130787856105
"Ethiopia 2011","Ethiopia","2011",2011,"Ethiopia","ET2011DHS","ET","ETH",231,"ET",NA,"ETIR61FL","ETBR61FL","ETCR61FL","ETPR61FL","v022",0.042,0.00349026276667657,0.0354090291357791,0.0491195678775448
"Ethiopia 2005","Ethiopia","2005",2005,"Ethiopia","ET2005DHS","ET","ETH",231,"ET",NA,"ETIR51FL","ETBR51FL","ETCR51FL","ETPR51FL","v023",0.054,0.00363233720889,0.0467353226228506,0.061007495002139
"Ethiopia 2000","Ethiopia","2000",2000,"Ethiopia","ET2000DHS","ET","ETH",231,"ET",NA,"ETIR41FL","","ETCR41FL","ETPR41FL","v023",0.052,0.00344875162125635,0.0451896051114913,0.0587401240494221
"Gabon 2012","Gabon","2012",2012,"Gabon","GA2012DHS","GA","GAB",266,"GA",NA,"GAIR60FL","GABR60FL","GACR61FL","GAPR61FL","v022",0.05,0.00438135424064247,0.0408869131738604,0.0581277483121332
"Gabon 2000","Gabon","2000",2000,"Gabon","GA2000DHS","GA","GAB",266,"GA",NA,"GAIR41FL","","gacr41fl","GAPR41FL","v023",0.067,0.00522712781796411,0.0563278683081637,0.0769216817618659
"Gambia 2013","Gambia","2013",2013,"Gambia","GM2013DHS","GM","GMB",270,"GM",NA,"GMIR60FL","GMBR60FL","GMCR61FL","GMPR61FL","v022",0.218,0.00896200467729473,0.200842285359378,0.236132663446304
"Ghana 2014","Ghana","2014",2014,"Ghana","GH2014DHS","GH","GHA",288,"GH",NA,"GHIR72FL","GHBR72FL","GHCR71FL","GHPR72FL","v022",0.031,0.00301667338376668,0.0253566437927443,0.0372170556197736
"Ghana 2008","Ghana","2008",2008,"Ghana","GH2008DHS","GH","GHA",288,"GH",NA,"GHIR5AFL","GHBR5AFL","GHCR5AFL","GHPR5AFL","v022",0.044,0.00468216525939904,0.0350944897019085,0.0535052287150165
"Ghana 2003","Ghana","2003",2003,"Ghana","GH2003DHS","GH","GHA",288,"GH",NA,"GHIR4BFL","","GHCR4BFL","GHPR4BFL","v023 v025",0.043,0.00382430432300605,0.0353680162413319,0.0504042833645196
"Ghana 1998","Ghana","1998",1998,"Ghana","GH1998DHS","GH","GHA",288,"GH",NA,"GHIR41FL","","GHCR41FL","GHPR41FL","v023",0.019,0.00228270639235125,0.0145881682476782,0.0235648033763864
"Ghana 1993","Ghana","1993",1993,"Ghana","GH1993DHS","GH","GHA",288,"GH",NA,"GHIR31FL","","GHCR31FL","GHPR31FL","v024 v025",0.019,0.00284022225935913,0.0131425292429839,0.0243106542776153
"Guatemala 2014-15","Guatemala","2014-15",2014,"Guatemala","GU2015DHS","GT","GTM",320,"GT",NA,"GUIR71FL","GUBR71FL","","GUPR71FL","v022",0.136,0.0039347355735988,0.128264128560101,0.143711004737227
"Guatemala 1995","Guatemala","1995",1995,"Guatemala","GU1995DHS","GT","GTM",320,"GT",NA,"GUIR34FL","","","GUPR34FL","v023 v025",0.108,0.0052708144203285,0.0979905471084801,0.118714465364071
"Guinea 2018","Guinea","2018",2018,"Guinea","GN2018DHS","GN","GIN",324,"GN",NA,"GNIR71FL","GNBR71FL","GNCR71FL","GNPR71FL","v022",0.136,0.00568559251970977,0.124666948360422,0.147024162220896
"Guinea 2012","Guinea","2012",2012,"Guinea","GN2012DHS","GN","GIN",324,"GN",NA,"GNIR62FL","GNBR62FL","GNCR62FL","GNPR62FL","v022",0.149,0.00792461226419938,0.133648492497365,0.16484487937709
"Guinea 2005","Guinea","2005",2005,"Guinea","GN2005DHS","GN","GIN",324,"GN",NA,"gnir52fl","","gncr52fl","GNPR53FL","v023 v025",0.123,0.00608618548484707,0.110742236687436,0.134700677635039
"Guinea 1999","Guinea","1999",1999,"Guinea","GN1999DHS","GN","GIN",324,"GN",NA,"GNIR41FL","","GNCR41FL","GNPR41FL","v023",0.138,0.00712376987161387,0.124374186236592,0.152418361841425
"Guyana 2009","Guyana","2009",2009,"Guyana","GY2009DHS","GY","GUY",328,"GY",NA,"GYIR5IFL","GYBR5IFL","GYCR5IFL","GYPR5IFL","v022",0.064,0.00541231859303411,0.0537055019886253,0.0750042868763112
"Haiti 2016-17","Haiti","2016-17",2016,"Haiti","HT2016DHS","HT","HTI",332,"HT",NA,"HTIR70FL","HTBR70FL","HTCR71FL","HTPR71FL","v022",0.047,0.00313254380763964,0.0413190365340871,0.0536337854239071
"Haiti 2012","Haiti","2012",2012,"Haiti","HT2012DHS","HT","HTI",332,"HT",NA,"HTIR61FL","HTBR61FL","HTCR61FL","HTPR61FL","v022",0.039,0.00274909728631037,0.0334514973642656,0.0442591288234233
"Haiti 2005-06","Haiti","2005-06",2005,"Haiti","HT2006DHS","HT","HTI",332,"HT",NA,"HTIR52FL","","HTCR52FL","HTPR52FL","v024 v025",0.032,0.00257062555678107,0.0264835762054629,0.0365974489093715
"Haiti 2000","Haiti","2000",2000,"Haiti","HT2000DHS","HT","HTI",332,"HT",NA,"HTIR42FL","","HTCR42FL","HTPR42FL","v024 v025",0.036,0.00476337277755141,0.0269525675962278,0.0456985476318444
"Haiti 1994-95","Haiti","1994-95",1994,"Haiti","HT1994DHS","HT","HTI",332,"HT",NA,"HTIR31FL","","HTCR31FL","HTPR31FL","sdepart v025",0.24,0.0278170176671864,0.184994010118913,0.294850346053877
"Honduras 2011-12","Honduras","2011-12",2011,"Honduras","HN2011DHS","HN","HND",340,"HN",NA,"HNIR62FL","HNBR62FL","","HNPR62FL","v022",0.077,0.00297788072191685,0.0714581096386737,0.0831439527906974
"Honduras 2005-06","Honduras","2005-06",2005,"Honduras","HN2005DHS","HN","HND",340,"HN",NA,"HNIR52FL","","","HNPR52FL","v023 v025",0.074,0.00276722034392172,0.0683555836397393,0.0792156869116702
"India 2015-16","India","2015-16",2015,"India","IA2015DHS","IN","IND",356,"IN",NA,"IAIR73FL","IABR74FL","IACR74FL","IAPR74FL","v022",0.317,0.00111031042593236,0.314419898641224,0.318772438124415
"India 2005-06","India","2005-06",2005,"India","IA2006DHS","IN","IND",356,"IN",NA,"IAIR52FL","","IACR52FL","IAPR52FL","v022",0.276,0.00256567821078126,0.271040535525111,0.281101033238801
"India 1998-99","India","1998-99",1998,"India","IA1999DHS","IN","IND",356,"IN",1,"IAIR42FL","","","IAPR42FL","v024 v025",0.364,0.00254109276665849,0.358925624961605,0.368890307577154
"India 1992-93","India","1992-93",1992,"India","IA1993DHS","IN","IND",356,"IN",1,"IAIR23FL","","","IAPR23FL","v024 v025",0.292,0.00246033150421273,0.287262976039484,0.296910684968131
"Indonesia 2017","Indonesia","2017",2017,"Indonesia","ID2017DHS","ID","IDN",360,"ID",NA,"IDIR71FL","IDBR71FL","IDCR71FL","IDPR71FL","v022",0.097,0.00224169162102178,0.0930485567709432,0.101841418915577
"Indonesia 2012","Indonesia","2012",2012,"Indonesia","ID2012DHS","ID","IDN",360,"ID",NA,"IDIR63FL","IDBR63FL","IDCR63FL","IDPR63FL","v022",0.095,0.00274967293400706,0.0895767750132348,0.100362682928235
"Indonesia 2007","Indonesia","2007",2007,"Indonesia","ID2007DHS","ID","IDN",360,"ID",1,"IDIR51FL","","IDCR51FL","IDPR52FL","v024 v025",0.091,0.00301942856917609,0.0849456909658852,0.0967902644548074
"Indonesia 2002-03","Indonesia","2002-03",2002,"Indonesia","ID2003DHS","ID","IDN",360,"ID",1,"IDIR42FL","","IDCR42FL","IDPR42FL","v024 v025",0.085,0.00332482214186159,0.0789762851242127,0.0920209151107893
"Indonesia 1997","Indonesia","1997",1997,"Indonesia","ID1997DHS","ID","IDN",360,"ID",1,"IDIR3AFL","","","IDPR3AFL","v023",0.069,0.00272666272102981,0.0639523496275803,0.0746501917460552
"Indonesia 1994","Indonesia","1994",1994,"Indonesia","ID1994DHS","ID","IDN",360,"ID",1,"IDIR31FL","","","IDPR31FL","v023",0.07,0.00282580232427303,0.0641362150768127,0.0752230017273615
"Indonesia 1991","Indonesia","1991",1991,"Indonesia","ID1991DHS","ID","IDN",360,"ID",1,"IDIR21FL","","","IDPR21FL","v023",0.07,0.00275871831973543,0.0645616174819184,0.0753872518085238
"Jordan 2017-18","Jordan","2017-18",2017,"Jordan","JO2017DHS","JO","JOR",400,"JO",1,"JOIR72FL","JOBR71FL","JOCR73FL","JOPR73FL","v022",0.022,0.00199449275226672,0.0183075261523329,0.0261358416969382
"Jordan 2012","Jordan","2012",2012,"Jordan","JO2012DHS","JO","JOR",400,"JO",1,"JOIR6CFL","JOBR6CFL","","JOPR6CFL","v022",0.028,0.00273799694796453,0.0221670350915663,0.0329168157463122
"Jordan 2007","Jordan","2007",2007,"Jordan","JO2007DHS","JO","JOR",400,"JO",1,"JOIR51FL","","","JOPR51FL","v023 v025",0.034,0.0030447194717467,0.0279517790315278,0.0399026510762509
"Jordan 2002","Jordan","2002",2002,"Jordan","JO2002DHS","JO","JOR",400,"JO",1,"JOIR42FL","","","JOPR42FL","v022",0.095,0.00564182666218707,0.0834923857432043,0.105662589302076
"Jordan 1997","Jordan","1997",1997,"Jordan","JO1997DHS","JO","JOR",400,"JO",1,"JOIR31FL","","","JOPR31FL","v024 v025",0.051,0.00317999721413931,0.0442609674708423,0.0567773317271792
"Kazakhstan 1999","Kazakhstan","1999",1999,"Kazakhstan","KK1999DHS","KZ","KAZ",398,"KZ",NA,"KKIR42FL","KKBR42FL","KKCR42FL","KKPR42FL","v023",0.138,0.0122959152512596,0.114070000535109,0.162515452402403
"Kazakhstan 1995","Kazakhstan","1995",1995,"Kazakhstan","KK1995DHS","KZ","KAZ",398,"KZ",NA,"KKIR31FL","","","KKPR31FL","v023",0.16,0.013007011482893,0.134016325023619,0.185375055040431
"Kenya 2014","Kenya","2014",2014,"Kenya","KE2014DHS","KE","KEN",404,"KE",NA,"KEIR72FL","KEBR72FL","KECR72FL","KEPR72FL","v022",0.042,0.0018676631829775,0.038291681669332,0.0456186989772095
"Kenya 2008-09","Kenya","2008-09",2008,"Kenya","KE2008DHS","KE","KEN",404,"KE",NA,"KEIR52FL","KEBR52FL","KECR52FL","KEPR52FL","v022",0.064,0.0059282226803395,0.0520562908140908,0.0753681632503336
"Kenya 2003","Kenya","2003",2003,"Kenya","KE2003DHS","KE","KEN",404,"KE",NA,"KEIR42FL","KEBR42FL","KECR42FL","KEPR42FL","v023 v025",0.064,0.00554931044193257,0.0527058554326929,0.0745262954618107
"Kenya 1998","Kenya","1998",1998,"Kenya","KE1998DHS","KE","KEN",404,"KE",NA,"KEIR3AFL","","KECR3AFL","KEPR3AFL","v023",0.069,0.00579704319324134,0.0578809374758723,0.0806588792679427
"Kenya 1993","Kenya","1993",1993,"Kenya","KE1993DHS","KE","KEN",404,"KE",NA,"KEIR33FL","","KECR32FL","KEPR33FL","v023",0.099,0.00640143216162218,0.0863113374074318,0.111465135760233
"Kyrgyz Republic 2012","Kyrgyz Republic","2012",2012,"Kyrgyzstan","KY2012DHS","KG","KGZ",417,"KG",NA,"KYIR61FL","KYBR61FL","KYCR61FL","KYPR61FL","v022",0.296,0.00921462305212591,0.277790042783466,0.314057997564159
"Kyrgyz Republic 1997","Kyrgyz Republic","1997",1997,"Kyrgyzstan","KY1997DHS","KG","KGZ",417,"KG",NA,"KYIR31FL","","","KYPR31FL","v023",0.238,0.0143225796794287,0.20924956630669,0.265834845471199
"Lesotho 2014","Lesotho","2014",2014,"Lesotho","LS2014DHS","LS","LSO",426,"LS",NA,"LSIR71FL","LSBR71FL","LSCR71FL","LSPR71FL","v022",0.094,0.0064095814915709,0.0816155188369607,0.106821107960549
"Lesotho 2009","Lesotho","2009",2009,"Lesotho","LS2009DHS","LS","LSO",426,"LS",NA,"LSIR61FL","LSBR61FL","LSCR61FL","LSPR61FL","v024 v025",0.118,0.00705648874034618,0.104035852947015,0.131782888693238
"Lesotho 2004","Lesotho","2004",2004,"Lesotho","LS2004DHS","LS","LSO",426,"LS",NA,"LSIR41FL","","LSCR41FL","LSPR41FL","v024 v025",0.115,0.00652281707732784,0.101964196042699,0.127611954554378
"","Liberia","2019-20",2019,"Liberia","LB2019DHS","LR","LBR",430,"LR",NA,"LBIR7AFL","LBBR7AFL","LBCR7AFL","LBPR7AFL","v022",0.064,0.00541743111496081,0.0529878801665363,0.0743113020046092
"Liberia 2013 ","Liberia","2013",2013,"Liberia","LB2013DHS","LR","LBR",430,"LR",NA,"LBIR6AFL","LBBR6AFL","LBCR6AFL","LBPR6AFL","v023",0.073,0.00550068738659317,0.0623850224214731,0.0840370636191167
"Liberia 2007","Liberia","2007",2007,"Liberia","LB2007DHS","LR","LBR",430,"LR",NA,"LBIR51FL","","LBCR51FL","LBPR51FL","scty v025 v024",0.068,0.0054023772543482,0.0574163881012814,0.0786842715633229
"Madagascar 2008-09","Madagascar","2008-09",2008,"Madagascar","MD2008DHS","MG","MDG",450,"MG",NA,"MDIR51FL","MDBR51FL","MDCR51FL","MDPR51FL","v022",0.04,0.00242025311567393,0.0351800722039141,0.0446881754381475
"Madagascar 2003-04","Madagascar","2003-04",2003,"Madagascar","MD2004DHS","MG","MDG",450,"MG",NA,"MDIR41FL","","MDCR42FL","MDPR42FL","v023",0.034,0.00397211246863244,0.0264973365942874,0.0421334395429198
"Madagascar 1997","Madagascar","1997",1997,"Madagascar","MD1997DHS","MG","MDG",450,"MG",NA,"MDIR31FL","","","MDPR31FL","v023",0.043,0.00334828780670002,0.035965458436679,0.0491528499422527
"Madagascar 1992","Madagascar","1992",1992,"Madagascar","MD1992DHS","MG","MDG",450,"MG",NA,"MDIR21FL","","","MDPR21FL","v024 v025",0.051,0.00525699525196414,0.0410224261352656,0.0617494910736157
"Malawi 2015-16","Malawi","2015-16",2015,"Malawi","MW2015DHS","MW","MWI",454,"MW",NA,"MWIR7AFL","MWBR7AFL","MWCR7AFL","MWPR7AFL","v022",0.029,0.002210635376585,0.0241789106968907,0.0328576715949369
"Malawi 2010","Malawi","2010",2010,"Malawi","MW2010DHS","MW","MWI",454,"MW",NA,"MWIR61FL","MWBR61FL","MWCR61FL","MWPR61FL","v022",0.032,0.00219840784576869,0.0278975960492127,0.0365283361585002
"Malawi 2004","Malawi","2004",2004,"Malawi","MW2004DHS","MW","MWI",454,"MW",NA,"MWIR4EFL","MWBR4EFL","MWCR4EFL","MWPR4EFL","v023 v025",0.027,0.00276040275540652,0.0212836996027299,0.0321300196798718
"Malawi 2000","Malawi","2000",2000,"Malawi","MW2000DHS","MW","MWI",454,"MW",NA,"MWIR41FL","","MWCR41FL","MWPR41FL","v023 v025",0.027,0.00204054680247114,0.0231243283263181,0.0311408625684651
"Malawi 1992","Malawi","1992",1992,"Malawi","MW1992DHS","MW","MWI",454,"MW",NA,"MWIR22FL","","MWCR21FL","MWPR22FL","v023",0.034,0.0043272179274482,0.0253235737362409,0.0423802150906008
"Maldives 2016-17","Maldives","2016-17",2016,"Maldives","MV2016DHS","MV","MDV",462,"MV",NA,"MVIR71FL","MVBR71FL","MVCR71FL","MVPR71FL","v022",0.174,0.00863785891252237,0.156612259735688,0.190640136108704
"Maldives 2009","Maldives","2009",2009,"Maldives","MV2009DHS","MV","MDV",462,"MV",1,"MVIR52FL","MVBR52FL","MVCR52FL","MVPR52FL","v022",0.167,0.00679001063162123,0.153556381014604,0.180302733555899
"Mali 2018","Mali","2018",2018,"Mali","ML2018DHS","ML","MLI",466,"ML",NA,"MLIR7HFL","MLBR7HFL","MLCR7AFL","MLPR7AFL","v022",0.111,0.00690689245912633,0.0971881597192535,0.124362646850185
"Mali 2012-13","Mali","2012-13",2012,"Mali","ML2012DHS","ML","MLI",466,"ML",NA,"MLIR6AFL","MLBR6HFL","MLCR6AFL","MLPR6AFL","v022",0.062,0.0045413578920329,0.0531026189240702,0.0709587143006124
"Mali 2006","Mali","2006",2006,"Mali","ML2006DHS","ML","MLI",466,"ML",NA,"MLIR53FL","","MLCR53FL","MLPR53FL","v023 v025",0.053,0.00291686586918019,0.0470751452840308,0.0585439254151972
"Mali 2001","Mali","2001",2001,"Mali","ML2001DHS","ML","MLI",466,"ML",NA,"MLIR41FL","","MLCR41FL","MLPR41FL","v023 v025",0.212,0.0159765371993555,0.180565221686458,0.243384578237869
"Mali 1995-96","Mali","1995-96",1995,"Mali","ML1996DHS","ML","MLI",466,"ML",NA,"MLIR32FL","","MLCR31FL","MLPR32FL","v023",0.073,0.00405999579799299,0.0651418783387161,0.08112416639351
"Moldova 2005","Moldova","2005",2005,"Moldova","MB2005DHS","MD","MDA",498,"MD",NA,"MBIR53FL","MBBR53FL","MBCR52FL","MBPR53FL","v023",0.086,0.00531316880149309,0.0759026724881252,0.0967944146517985
"Morocco 2003-04","Morocco","2003-04",2003,"Morocco","MA2003DHS","MA","MAR",504,"MA",NA,"MAIR43FL","MABR43FL","","MAPR43FL","v023 v025",0.214,0.00701939243554616,0.200484305197395,0.228071622631433
"Morocco 1992","Morocco","1992",1992,"Morocco","MA1992DHS","MA","MAR",504,"MA",NA,"MAIR21FL","","","MAPR21FL","v024 v025",0.257,0.0119398457619047,0.233546357337633,0.280627640707333
"Mozambique 2011","Mozambique","2011",2011,"Mozambique","MZ2011DHS","MZ","MOZ",508,"MZ",NA,"MZIR62FL","MZBR62FL","MZCR62FL","MZPR62FL","v022",0.067,0.00357385698049046,0.0604709922149142,0.0745091007052066
"Mozambique 2003","Mozambique","2003",2003,"Mozambique","MZ2003DHS","MZ","MOZ",508,"MZ",NA,"MZIR41FL","","MZCR41FL","MZPR41FL","v023 v025",0.093,0.00474553704699436,0.0837913568819195,0.102431565214436
"Mozambique 1997","Mozambique","1997",1997,"Mozambique","MZ1997DHS","MZ","MOZ",508,"MZ",NA,"MZIR31FL","","MZCR31FL","MZPR31FL","v023",0.038,0.00921655218377536,0.0196043982386882,0.055847147608191
"Myanmar 2015-16","Myanmar","2015-16",2015,"Myanmar","MM2016DHS","MM","MMR",104,"MM",NA,"MMIR71FL","MMBR71FL","MMCR71FL","MMPR71FL","v022",0.123,0.0060404123721379,0.111345109780215,0.135093023396206
"Namibia 2013","Namibia","2013",2013,"Namibia","NM2013DHS","NA","NAM",516,"NA",NA,"NMIR61FL","NMBR61FL","NMCR61FL","NMPR61FL","v022",0.037,0.00416478754136553,0.028425971175585,0.0447896521926752
"Namibia 2006-07","Namibia","2006-07",2006,"Namibia","NM2006DHS","NA","NAM",516,"NA",NA,"nmir51fl","NMBR51FL","nmcr51fl","NMPR52FL","v024 v025",0.037,0.00387237088882174,0.0296667224448792,0.0448839558745104
"Namibia 2000","Namibia","2000",2000,"Namibia","NM2000DHS","NA","NAM",516,"NA",NA,"NMIR41FL","","NMCR41FL","NMPR41FL","v023",0.023,0.00385809106697453,0.015886438004935,0.0310878326595268
"Namibia 1992","Namibia","1992",1992,"Namibia","NM1992DHS","NA","NAM",516,"NA",NA,"NMIR21FL","","","NMPR21FL","v024 v025",0.075,0.00769572132623675,0.0595206056742814,0.0899171897793141
"Nepal 2016","Nepal","2016",2016,"Nepal","NP2016DHS","NP","NPL",524,"NP",NA,"NPIR7HFL","NPBR7HFL","NPCR7HFL","NPPR7HFL","v022",0.315,0.00627327168863215,0.303033800477289,0.327705495060554
"Nepal 2011","Nepal","2011",2011,"Nepal","NP2011DHS","NP","NPL",524,"NP",NA,"NPIR60FL","","NPCR61FL","NPPR61FL","v023 v025",0.283,0.00739522708926696,0.268749933593456,0.297866367620307
"Nepal 2006","Nepal","2006",2006,"Nepal","NP2006DHS","NP","NPL",524,"NP",NA,"NPIR51FL","","NPCR51FL","NPPR51FL","v023 v025",0.288,0.0104670204269929,0.267235378262224,0.308467374013844
"Nepal 2001","Nepal","2001",2001,"Nepal","NP2001DHS","NP","NPL",524,"NP",1,"NPIR41FL","","NPCR41FL","NPPR41FL","v023 v025",0.289,0.00683704117350252,0.275282977202562,0.302220666859433
"Nepal 1996","Nepal","1996",1996,"Nepal","NP1996DHS","NP","NPL",524,"NP",1,"NPIR31FL","","","NPPR31FL","secozone v024",0.301,0.007999987199492,0.284868866308967,0.316380790182546
"Nicaragua 1998","Nicaragua","1998",1998,"Nicaragua","NC1998DHS","NI","NIC",558,"NI",NA,"NCIR31FL","","NCCR31FL","NCPR31FL","v023 v025",0.109,0.00450371459710231,0.0997785453580219,0.117470021040739
"Niger 2012","Niger","2012",2012,"Niger","NI2012DHS","NE","NER",562,"NE",NA,"NIIR61FL","NIBR61FL","NICR61FL","NIPR61FL","v022",0.083,0.00571645203839608,0.0716397073992579,0.0941072902560566
"Niger 2006","Niger","2006",2006,"Niger","NI2006DHS","NE","NER",562,"NE",NA,"NIIR51FL","","NICR51FL","NIPR51FL","v023 v025",0.157,0.00878682417489545,0.13987944018201,0.17444842261005
"Niger 1998","Niger","1998",1998,"Niger","NI1998DHS","NE","NER",562,"NE",NA,"NIIR31FL","","NICR31FL","NIPR31FL","v024 v025",0.158,0.00879371308556874,0.141052877820116,0.175683570188751
"Niger 1992","Niger","1992",1992,"Niger","NI1992DHS","NE","NER",562,"NE",NA,"NIIR22FL","","NICR21FL","NIPR22FL","v024 v025",0.488,0.0213397556339018,0.446040389442054,0.530139065210126
"Nigeria 2018","Nigeria","2018",2018,"Nigeria","NG2018DHS","NG","NGA",566,"NG",NA,"NGIR7AFL","NGBR7AFL","NGCR7AFL","NGPR7AFL","v022",0.043,0.00187731533190644,0.0395377668630783,0.0469034872578392
"Nigeria 2013","Nigeria","2013",2013,"Nigeria","NG2013DHS","NG","NGA",566,"NG",NA,"NGIR6AFL","NGBR6AFL","NGCR6AFL","NGPR6AFL","v022",0.052,0.00221766111877778,0.0476544841331709,0.0563603591561748
"Nigeria 2008","Nigeria","2008",2008,"Nigeria","NG2008DHS","NG","NGA",566,"NG",NA,"NGIR53FL","NGBR53FL","NGCR53FL","NGPR53FL","v022",0.057,0.00238354565720527,0.0524073759585803,0.0617636600472118
"Nigeria 2003","Nigeria","2003",2003,"Nigeria","NG2003DHS","NG","NGA",566,"NG",NA,"NGIR4BFL","","NGCR4AFL","NGPR4CFL","v023",0.08,0.00706732394461469,0.0662177273306712,0.0940172581270081
"Nigeria 1990","Nigeria","1990",1990,"Nigeria","NG1990DHS","NG","NGA",566,"NG",NA,"NGIR21FL","","","NGPR21FL","v024 v025",0.089,0.00892287368228133,0.0716707415001012,0.106792344588105
"Pakistan 2017-18","Pakistan","2017-18",2017,"Pakistan","PK2017DHS","PK","PAK",586,"PK",1,"PKIR71FL","PKBR71FL","PKCR71FL","PKPR71FL","v022",0.358,0.0086094257129826,0.340912916416302,0.374753076852062
"Pakistan 2012-13","Pakistan","2012-13",2012,"Pakistan","PK2012DHS","PK","PAK",586,"PK",1,"PKIR61FL","PKBR61FL","","PKPR61FL","v023 v025",0.323,0.00807922987624487,0.3075008901534,0.339249630871862
"Pakistan 2006-07","Pakistan","2006-07",2006,"Pakistan","PK2006DHS","PK","PAK",586,"PK",1,"pkir52fl","","","PKPR53FL","v023 v025",0.318,0.00609928195553142,0.306330124104792,0.330268863799544
"Pakistan 1990-91","Pakistan","1990-91",1990,"Pakistan","PK1991DHS","PK","PAK",586,"PK",1,"PKIR21FL","","PKCR21FL","PKPR21FL","v024 v025",0.296,0.00956781692392182,0.276926837208883,0.314544966143346
"Paraguay 1990","Paraguay","1990",1990,"Paraguay","PY1990DHS","PY","PRY",600,"PY",NA,"PYIR21FL","PYBR21FL","","PYPR21FL","v024 v025",0.017,0.00222210663276996,0.0121821682645653,0.0209334019470712
"Papua New Guinea 2016-2018","Papua New Guinea","2016-2018",2016,"Papua New Guinea","PG2017DHS","PG","PNG",598,"PG",NA,"PGIR70FL","PGBR70FL","PGCR71FL","PGPR71FL","v022",0.084,0.00515842385871562,0.0738137626555225,0.0940683665534542
"Peru 2012","Peru","2012",2012,"Peru","PE2012DHS","PE","PER",604,"PE",NA,"PEIR6IFL","PEBR6IFL","","PEPR6IFL","v022",0.051,0.00256000662865959,0.0461618681691402,0.0562057509008057
"Peru 2011","Peru","2011",2011,"Peru","PE2011DHS","PE","PER",604,"PE",NA,"PEIR6AFL","","","PEPR6AFL","v022",0.049,0.00273922334411908,0.0438778464562774,0.0546274181848469
"Peru 2010","Peru","2010",2010,"Peru","PE2010DHS","PE","PER",604,"PE",NA,"PEIR61FL","","","PEPR61FL","v022",0.062,0.00274963446998263,0.0569197320850502,0.0677101603375995
"Peru 2009","Peru","2009",2009,"Peru","PE2009DHS","PE","PER",604,"PE",NA,"PEIR5IFL","","","PEPR5IFL","v022",0.059,0.00286365906187614,0.0538527067653906,0.0650906032873717
"Peru 2004-06","Peru","2004-06",2004,"Peru","PE2004DHS","PE","PER",604,"PE",NA,"PEIR51FL","","","PEPR51FL","v023",0.066,0.00249155389564986,0.0606660832120528,0.0704393340201925
"Peru 2000","Peru","2000",2000,"Peru","PE2000DHS","PE","PER",604,"PE",NA,"PEIR41FL","","","PEPR41FL","v024 v025",0.073,0.00301785996195569,0.0674067038992419,0.0792468148045233
"Peru 1996","Peru","1996",1996,"Peru","PE1996DHS","PE","PER",604,"PE",NA,"PEIR31FL","","PECR31FL","PEPR31FL","v023 v025",0.072,0.00260723838055223,0.0665758940657639,0.0768045198377789
"Philippines 2017","Philippines","2017",2017,"Philippines","PH2017DHS","PH","PHL",608,"PH",NA,"PHIR70FL","PHBR70FL","","PHPR71FL","v022",0.077,0.00327893301739656,0.0701030304721583,0.0829699813141135
"Philippines 2013","Philippines","2013",2013,"Philippines","PH2013DHS","PH","PHL",608,"PH",NA,"PHIR61FL","PHBR61FL","","PHPR62FL","v022",0.091,0.0033252493617595,0.0841763961927886,0.0972317355899444
"Philippines 2008","Philippines","2008",2008,"Philippines","PH2008DHS","PH","PHL",608,"PH",NA,"PHIR52FL","","","PHPR52FL","v024 v025",0.089,0.00338332880669609,0.0827566366766197,0.0960398942264505
"Philippines 2003","Philippines","2003",2003,"Philippines","PH2003DHS","PH","PHL",608,"PH",NA,"PHIR41FL","","PHCR41FL","PHPR41FL","v023 v025",0.069,0.00319136365002662,0.0631557259348797,0.0756845729977419
"Philippines 1998","Philippines","1998",1998,"Philippines","PH1998DHS","PH","PHL",608,"PH",NA,"PHIR3BFL","","","PHPR3BFL","v023 v025",0.063,0.00322351077668904,0.0570877589084993,0.0697445025992424
"Philippines 1993","Philippines","1993",1993,"Philippines","PH1993DHS","PH","PHL",608,"PH",NA,"PHIR31FL","","","PHPR31FL","v023 v025",0.062,0.00269964442275086,0.0563103512129081,0.0669103616689348
"Rwanda 2014-15","Rwanda","2014-15",2014,"Rwanda","RW2015DHS","RW","RWA",646,"RW",NA,"RWIR70FL","RWBR70FL","RWCR70FL","RWPR70FL","v023 v025",0.012,0.00135458205562958,0.00921488473771202,0.0145396669020576
"Rwanda 2010","Rwanda","2010",2010,"Rwanda","RW2010DHS","RW","RWA",646,"RW",NA,"RWIR61FL","RWBR61FL","RWCR61FL","RWPR61FL","v023 v025",0.009,0.0011992113609833,0.0068687231493393,0.0115818924700575
"Rwanda 2005","Rwanda","2005",2005,"Rwanda","RW2005DHS","RW","RWA",646,"RW",NA,"RWIR53FL","","RWCR53FL","RWPR53FL","v023 v025",0.006,0.00103662653537838,0.00369965699365735,0.00777411689587591
"Rwanda 2000","Rwanda","2000",2000,"Rwanda","RW2000DHS","RW","RWA",646,"RW",NA,"RWIR41FL","","RWCR41FL","RWPR41FL","v023 v025",0.009,0.00148551945828837,0.00621716643905955,0.0120567321146014
"Rwanda 1992","Rwanda","1992",1992,"Rwanda","RW1992DHS","RW","RWA",646,"RW",NA,"RWIR21FL","","RWCR21FL","RWPR21FL","v024 v025",0.007,0.00162575229078166,0.00418039039521119,0.0105936466233832
"Sao Tome and Principe 2008-09","Sao Tome and Principe","2008-09",2008,"Sao Tome and Principe","ST2008DHS","ST","STP",678,"ST",NA,"STIR50FL","STBR50FL","STCR51FL","STPR51FL","v024 v025",0.019,0.00412527239173866,0.010427615062594,0.0267964609253161
"Senegal 2019","Senegal","2019",2019,"Senegal","SN2019DHS","SN","SEN",686,"SN",NA,"SNIR8AFL","","","SNPR8BFL","v022",0.316,0.0123171595236314,0.29129920296648,0.33989779039112
"Senegal 2018","Senegal","2018",2018,"Senegal","SN2018DHS","SN","SEN",686,"SN",NA,"SNIR80FL","SNBR80FL","SNCR80FL","SNPR81FL","v022",0.326,0.0102404790101625,0.305313745583536,0.345718581900769
"Senegal 2017","Senegal","2017",2017,"Senegal","SN2017DHS","SN","SEN",686,"SN",NA,"SNIR7ZFL","SNBR7ZFL","SNCR7ZFL","SNPR7ZFL","v022",0.304,0.00669784769292876,0.291150582893376,0.317491362614152
"Senegal 2016 ","Senegal","2016",2016,"Senegal","SN2016DHS","SN","SEN",686,"SN",NA,"SNIR7QFL","SNBR7QFL","","SNPR7IFL","v022",0.297,0.0111468798966333,0.274571438549712,0.318552570411256
"Senegal 2015","Senegal","2015",2015,"Senegal","SN2015DHS","SN","SEN",686,"SN",NA,"SNIR7HFL","SNBR7HFL","SNCR7HFL","SNPR7HFL","v022",0.285,0.00954720752812889,0.266482492833133,0.304151957032795
"Senegal 2014 ","Senegal","2014",2014,"Senegal","SN2014DHS","SN","SEN",686,"SN",NA,"SNIR70FL","SNBR70FL","SNCR70FL","SNPR70FL","v022",0.263,0.00937712542329179,0.24469679873883,0.281714917459603
"Senegal 2012-13","Senegal","2012-13",2012,"Senegal","SN2012DHS","SN","SEN",686,"SN",NA,"SNIR6DFL","SNBR6DFL","","SNPR6DFL","v022",0.293,0.0102814610101838,0.272370087964485,0.312958256205534
"Senegal 2010-11","Senegal","2010-11",2010,"Senegal","SN2010DHS","SN","SEN",686,"SN",NA,"SNIR61FL","SNBR61FL","SNCR61FL","SNPR61FL","v022",0.28,0.00651913042638318,0.267002815477285,0.292642824561365
"Senegal 2005","Senegal","2005",2005,"Senegal","SN2005DHS","SN","SEN",686,"SN",NA,"SNIR4HFL","","SNCR4AFL","SNPR4AFL","v024 v025",0.232,0.0068561520761122,0.218393026629923,0.245358061526106
"Senegal 1997","Senegal","1997",1997,"Senegal","SN1997DHS","SN","SEN",686,"SN",NA,"SNIR32FL","","SNCR31FL","SNPR32FL","v023",0.252,0.0086098455459413,0.234757240759725,0.26863949583148
"Senegal 1992-93","Senegal","1992-93",1992,"Senegal","SN1993DHS","SN","SEN",686,"SN",NA,"SNIR21FL","","SNCR21FL","SNPR21FL","v024 v025",0.209,0.0084587397210353,0.192780003984216,0.226096400510166
"Seirra Leone 2019","Sierra Leone","2019",2019,"Sierra Leone","SL2019DHS","SL","SLE",694,"SL",NA,"SLIR7AFL","SLBR7AFL","","SLPR7AFL","v022",0.117,0.00454717878719079,0.107969092430185,0.125833378142013
"Sierra Leone 2013","Sierra Leone","2013",2013,"Sierra Leone","SL2013DHS","SL","SLE",694,"SL",NA,"SLIR61FL","SLBR61FL","SLCR61FL","SLPR61FL","v022",0.129,0.00518628613237696,0.119055960316923,0.139446314830356
"Sierra Leone 2008","Sierra Leone","2008",2008,"Sierra Leone","SL2008DHS","SL","SLE",694,"SL",NA,"SLIR51FL","SLBR51FL","SLCR51FL","SLPR51FL","v022",0.137,0.00764709484159371,0.121936239472487,0.152025748478747
"South Africa 2016","South Africa","2016",2016,"South Africa","ZA2016DHS","ZA","ZAF",710,"ZA",NA,"ZAIR71FL","ZABR71FL","ZACR71FL","ZAPR71FL","v022",0.049,0.00502530862045433,0.0386529709265362,0.0583878453410089
"South Africa 1998","South Africa","1998",1998,"South Africa","ZA1998DHS","ZA","ZAF",710,"ZA",NA,"ZAIR31FL","ZABR31FL","","ZAPR31FL","v024 v025",0.076,0.00548357704304189,0.0647413848093491,0.0862645928679592
"Swaziland 2006-07","Swaziland","2006-07",2006,"Swaziland","SZ2006DHS","SZ","SWZ",748,"SZ",NA,"szir51fl","SZBR51FL","szcr51fl","SZPR52FL","v024 v025",0.148,0.0101202200553562,0.128390733259686,0.168240556515202
"Tajikistan 2017","Tajikistan","2017",2017,"Tajikistan","TJ2017DHS","TJ","TJK",762,"TJ",NA,"TJIR71FL","TJBR70FL","","TJPR71FL","v022",0.485,0.00942743522710765,0.466210210751021,0.503290787340555
"Tajikistan 2012","Tajikistan","2012",2012,"Tajikistan","TJ2012DHS","TJ","TJK",762,"TJ",NA,"TJIR61FL","TJBR61FL","","TJPR61FL","v022",0.466,0.0105016511984148,0.445623633054708,0.486933850216089
"Tanzania 2015-16","Tanzania","2015-16",2015,"Tanzania, United Republic of","TZ2015DHS","TZ","TZA",834,"TZ",NA,"TZIR7BFL","TZBR7BFL","TZCR7BFL","TZPR7BFL","v022",0.093,0.00473713622430775,0.0834943275749494,0.102104588283229
"Tanzania 2010 ","Tanzania","2010",2010,"Tanzania, United Republic of","TZ2010DHS","TZ","TZA",834,"TZ",NA,"TZIR63FL","TZBR63FL","TZCR63FL","TZPR63FL","v022",0.097,0.00852363829555564,0.0800008861900095,0.113508581719159
"Tanzania 2004-05","Tanzania","2004-05",2004,"Tanzania, United Republic of","TZ2004DHS","TZ","TZA",834,"TZ",NA,"TZIR4IFL","TZBR4IFL","TZCR4IFL","TZPR4IFL","v022",0.087,0.00799394319279154,0.0709757959433209,0.102461500670073
"Tanzania 1999","Tanzania","1999",1999,"Tanzania, United Republic of","TZ1999DHS","TZ","TZA",834,"TZ",NA,"TZIR41FL","","TZCR41FL","TZPR41FL","v024 v025",0.123,0.011965637035859,0.0992966899666235,0.146572636113635
"Tanzania 1996","Tanzania","1996",1996,"Tanzania, United Republic of","TZ1996DHS","TZ","TZA",834,"TZ",NA,"TZIR3AFL","","TZCR3AFL","TZPR3AFL","v024 v025",0.067,0.00483780270362078,0.0573615779131175,0.0763941769403926
"Tanzania 1991-92","Tanzania","1991-92",1991,"Tanzania, United Republic of","TZ1992DHS","TZ","TZA",834,"TZ",NA,"TZIR21FL","","TZCR21FL","TZPR21FL","v023",0.116,0.00925999103222606,0.0975905915798192,0.134016505298173
"Timor-Leste 2016","Timor-Leste","2016",2016,"Timor-Leste","TL2016DHS","TL","TLS",626,"TL",NA,"TLIR71FL","TLBR71FL","TLCR71FL","TLPR71FL","v022",0.118,0.00486284069110895,0.10887342607047,0.12798934155437
"Timor-Leste 2009-10","Timor-Leste","2009-10",2009,"Timor-Leste","TL2009DHS","TL","TLS",626,"TL",NA,"TLIR61FL","","TLCR61FL","TLPR61FL","v022",0.112,0.00408229933828947,0.103483575215105,0.119531168399353
"Togo 2013-14","Togo","2013-14",2013,"Togo","TG2013DHS","TG","TGO",768,"TG",NA,"TGIR61FL","TGBR61FL","TGCR61FL","TGPR61FL","v022",0.091,0.00452550235935481,0.0820156260007661,0.0998228296143427
"Togo 1998","Togo","1998",1998,"Togo","TG1998DHS","TG","TGO",768,"TG",NA,"TGIR31FL","","TGCR31FL","TGPR31FL","v024 v025",0.12,0.00674870046763833,0.106906024443766,0.133474469070598
"Turkey 2013","Turkey","2013",2013,"Turkey","TR2013DHS","TR","TUR",792,"TR",NA,"TRIR61FL","TRBR61FL","","TRPR62FL","v023",0.132,0.00543764970670899,0.121197185491921,0.142555464657319
"Turkey 2003","Turkey","2003",2003,"Turkey","TR2003DHS","TR","TUR",792,"TR",1,"TRIR4AFL","TRBR4AFL","","TRPR4AFL","v023",0.164,0.00601342818284944,0.151873228003142,0.175489611851549
"Turkey 1998","Turkey","1998",1998,"Turkey","TR1998DHS","TR","TUR",792,"TR",1,"TRIR41FL","","TRCR41FL","TRPR41FL","v023",0.2,0.00736455579503431,0.185459607940813,0.214403471721595
"Turkey 1993","Turkey","1993",1993,"Turkey","TR1993DHS","TR","TUR",792,"TR",1,"TRIR31FL","","","TRPR31FL","v023 v025",0.222,0.00817181458884347,0.206306544818493,0.238421645354693
"Uganda 2016","Uganda","2016",2016,"Uganda","UG2016DHS","UG","UGA",800,"UG",NA,"UGIR7BFL","UGBR7BFL","UGCR7BFL","UGPR7BFL","v022",0.043,0.00226786955259591,0.0380530255161062,0.046959193839405
"Uganda 2011","Uganda","2011",2011,"Uganda","UG2011DHS","UG","UGA",800,"UG",NA,"UGIR60FL","UGBR60FL","UGCR61FL","UGPR61FL","v024 v025",0.045,0.00397394642358097,0.0371897682844404,0.0528153510659385
"Uganda 2006","Uganda","2006",2006,"Uganda","UG2006DHS","UG","UGA",800,"UG",NA,"UGIR52FL","UGBR52FL","UGCR52FL","UGPR52FL","v024 v025",0.045,0.00472699179239231,0.0356698248820082,0.0542621473528057
"Uganda 2000-01","Uganda","2000-01",2000,"Uganda","UG2000DHS","UG","UGA",800,"UG",NA,"UGIR41FL","","UGCR41FL","UGPR41FL","v024 v025",0.031,0.0037137229828576,0.0239961147717476,0.0386140225470346
"Uganda 1995","Uganda","1995",1995,"Uganda","UG1995DHS","UG","UGA",800,"UG",NA,"UGIR33FL","","UGCR33FL","UGPR33FL","v023",0.06,0.00558707510341912,0.0493677237173522,0.0713718757946439
"Ukraine 2007","Ukraine","2007",2007,"Ukraine","UA2007DHS","UA","UKR",804,"UA",NA,"UAIR51FL","UABR51FL","UACR51FL","UAPR51FL","v024 v025",0.11,0.00694820863039493,0.0959835706386249,0.123286806476077
"Uzbekistan 1996","Uzbekistan","1996",1996,"Uzbekistan","UZ1996DHS","UZ","UZB",860,"UZ",NA,"UZIR31FL","UZBR31FL","","UZPR31FL","v023",0.298,0.0176178216758917,0.263548342685684,0.333138604859881
"Vietnam 2002","Vietnam","2002",2002,"Viet Nam","VN2002DHS","VN","VNM",704,"VN",1,"VNIR41FL","VNBR41FL","","VNPR41FL","v024 v025",0.193,0.00763141471132968,0.178310954454208,0.208409520836927
"Vietnam 1997","Vietnam","1997",1997,"Viet Nam","VN1997DHS","VN","VNM",704,"VN",1,"VNIR31FL","","","VNPR31FL","v024 v025",0.197,0.0077968303711387,0.181132341220356,0.211883312747577
"Yemen 2013","Yemen","2013",2013,"Yemen","YE2013DHS","YE","YEM",887,"YE",NA,"YEIR61FL","YEBR61FL","","YEPR61FL","v022",0.255,0.00671261581578944,0.242122109193899,0.268478128920905
"Yemen 1991-92","Yemen","1991-92",1991,"Yemen","YE1991DHS","YE","YEM",887,"YE",1,"YEIR21FL","","","YEPR21FL","v024 v025",0.259,0.0101817170653213,0.239303955389321,0.279405881461237
"Zambia 2018","Zambia","2018",2018,"Zambia","ZM2018DHS","ZM","ZMB",894,"ZM",NA,"ZMIR71FL","ZMBR71FL","ZMCR71FL","ZMPR71FL","v022",0.027,0.0022353383989191,0.0229502660255804,0.0317328786494832
"Zambia 2013-14 ","Zambia","2013-14",2013,"Zambia","ZM2013DHS","ZM","ZMB",894,"ZM",NA,"ZMIR61FL","ZMBR61FL","ZMCR61FL","ZMPR61FL","v022",0.03,0.00225680345213088,0.0257170320280906,0.0345788395669168
"Zambia 2007 ","Zambia","2007",2007,"Zambia","ZM2007DHS","ZM","ZMB",894,"ZM",NA,"ZMIR51FL","ZMBR51FL","ZMCR51FL","ZMPR51FL","v022",0.023,0.00259116617555823,0.0177124340671264,0.0279106242782111
"Zambia 2001-02","Zambia","2001-02",2001,"Zambia","ZM2002DHS","ZM","ZMB",894,"ZM",NA,"ZMIR42FL","","ZMCR42FL","ZMPR43FL","v024 v025",0.034,0.00304938736313003,0.0282589072287593,0.0402589852674257
"Zambia 1996","Zambia","1996",1996,"Zambia","ZM1996DHS","ZM","ZMB",894,"ZM",NA,"ZMIR31FL","","ZMCR31FL","ZMPR31FL","v023",0.04,0.00348949090559751,0.0332557154772906,0.0469908101261101
"Zambia 1992","Zambia","1992",1992,"Zambia","ZM1992DHS","ZM","ZMB",894,"ZM",NA,"ZMIR21FL","","","ZMPR21FL","v024 v025",0.045,0.00475752355692703,0.0356912980756801,0.0544304446692181
"Zimbabwe 2015","Zimbabwe","2015",2015,"Zimbabwe","ZW2015DHS","ZW","ZWE",716,"ZW",NA,"ZWIR71FL","ZWBR71FL","ZWCR72FL","ZWPR72FL","v022",0.083,0.00496248344396827,0.0733489671463847,0.0928635353822032
"Zimbabwe 2010-11","Zimbabwe","2010-11",2010,"Zimbabwe","ZW2010DHS","ZW","ZWE",716,"ZW",NA,"ZWIR62FL","ZWBR62FL","ZWCR62FL","ZWPR62FL","v022",0.112,0.00608999985392297,0.0995936616220457,0.123540721023361
"Zimbabwe 2005-06","Zimbabwe","2005-06",2005,"Zimbabwe","ZW2005DHS","ZW","ZWE",716,"ZW",NA,"ZWIR52FL","ZWBR52FL","ZWCR52FL","ZWPR52FL","v024 v025",0.109,0.00573923559621005,0.0979108200554482,0.12047860643266
"Zimbabwe 1999","Zimbabwe","1999",1999,"Zimbabwe","ZW1999DHS","ZW","ZWE",716,"ZW",NA,"ZWIR42FL","","ZWCR41FL","ZWPR42FL","v023",0.097,0.00669543713129789,0.083931691069197,0.110328010228514
"Zimbabwe 1994","Zimbabwe","1994",1994,"Zimbabwe","ZW1994DHS","ZW","ZWE",716,"ZW",NA,"ZWIR31FL","","ZWCR31FL","ZWPR31FL","v023",0.09,0.00575973590471056,0.0787844949345327,0.101491873740828
